<states>
<itno>0</itno>
<environment>
  <speed>0.01</speed>
  <size_x>1.</size_x>
  <size_y>1.</size_y>
  <avoidance_radius>0.01</avoidance_radius>
  <sigma>0.01</sigma>
</environment>
<agents>
	<xagent>
		<name>agent</name>
		<my_id>0</my_id>
		<my_position>{0.03, 0.05}</my_position>
		<my_velocity>0.1234</my_velocity>
		<my_color>0</my_color>
		<my_green_encounters>0</my_green_encounters>
		<my_red_encounters>0</my_red_encounters>
		<my_encounter_ids>{-1, -1, -1, -1, -1}</my_encounter_ids>
	</xagent>
	<xagent>
		<name>agent</name>
		<my_id>1</my_id>
		<my_position>{0.01., 0.02.}</my_position>
		<my_velocity>2.5707963267948966</my_velocity>
		<my_color>0</my_color>
		<my_green_encounters>0</my_green_encounters>
		<my_red_encounters>0</my_red_encounters>
		<my_encounter_ids>{-1, -1, -1, -1, -1}</my_encounter_ids>
	</xagent>
	<xagent>
		<name>agent</name>
		<my_id>2</my_id>
		<my_position>{0.3, 0.5}</my_position>
		<my_velocity>0.2234</my_velocity>
		<my_color>1</my_color>
		<my_green_encounters>0</my_green_encounters>
		<my_red_encounters>0</my_red_encounters>
		<my_encounter_ids>{-1, -1, -1, -1, -1}</my_encounter_ids>
	</xagent>
	<xagent>
		<name>agent</name>
		<my_id>3</my_id>
		<my_position>{0.8., 0.02.}</my_position>
		<my_velocity>5.5707963267948966</my_velocity>
		<my_color>1</my_color>
		<my_green_encounters>0</my_green_encounters>
		<my_red_encounters>0</my_red_encounters>
		<my_encounter_ids>{-1, -1, -1, -1, -1}</my_encounter_ids>
	</xagent>
	<xagent>
		<name>agent</name>
		<my_id>4</my_id>
		<my_position>{0.63, 0.35}</my_position>
		<my_velocity>3.1234</my_velocity>
		<my_color>1</my_color>
		<my_green_encounters>0</my_green_encounters>
		<my_red_encounters>0</my_red_encounters>
		<my_encounter_ids>{-1, -1, -1, -1, -1}</my_encounter_ids>
	</xagent>
	<xagent>
		<name>agent</name>
		<my_id>5</my_id>
		<my_position>{0.71., 0.02.}</my_position>
		<my_velocity>2.134707963267948966</my_velocity>
		<my_color>1</my_color>
		<my_green_encounters>0</my_green_encounters>
		<my_red_encounters>0</my_red_encounters>
		<my_encounter_ids>{-1, -1, -1, -1, -1}</my_encounter_ids>
	</xagent>
	<xagent>
		<name>agent</name>
		<my_id>6</my_id>
		<my_position>{0.023, 0.25}</my_position>
		<my_velocity>0.61234</my_velocity>
		<my_color>0</my_color>
		<my_green_encounters>0</my_green_encounters>
		<my_red_encounters>0</my_red_encounters>
		<my_encounter_ids>{-1, -1, -1, -1, -1}</my_encounter_ids>
	</xagent>
	<xagent>
		<name>agent</name>
		<my_id>7</my_id>
		<my_position>{0.21., 0.2.}</my_position>
		<my_velocity>2.5707963267948966</my_velocity>
		<my_color>0</my_color>
		<my_green_encounters>0</my_green_encounters>
		<my_red_encounters>0</my_red_encounters>
		<my_encounter_ids>{-1, -1, -1, -1, -1}</my_encounter_ids>
	</xagent>
</agents>
</states>