<xmodel version="2" xmlns:xsi="http://www.w3.org/2001/XMLSchema-instance"
     xsi:noNamespaceSchemaLocation='http://flame.ac.uk/schema/xmml_v2.xsd'>

<!-- Model descriptions  -->    
<name>model 01</name>
<version>1</version>
<description>An example model of sending and receiving a message between two agents</description>

<environment>
    <functionFiles> <!-- List of C files that hold agent functions -->
        <file>agent_functions.c</file>
    </functionFiles>

    <constants>
      <variable>
	<type>double</type>
	<name>speed</name>
	<description>Speed of the agents.</description>
      </variable>
      <variable>
	<type>double</type>
	<name>size_x</name>
	<description>Arena size in x dir.</description>
      </variable>
      <variable>
	<type>double</type>
	<name>size_y</name>
	<description>Arena size in y dir.</description>
      </variable>
      <variable>
	<type>double</type>
	<name>avoidance_radius</name>
	<description>Avoidance radius.</description>
      </variable>
      <variable>
	<type>double</type>
	<name>sigma</name>
	<description>sigma of reorientation kernel.</description>
      </variable>
      <variable>
	<type>double</type>
	<name>recognition_error</name>
	<description>Recognition error..</description>
      </variable>
      <variable>
	<type>int</type>
	<name>output_id</name>
	<description>Output id.</description>
      </variable>
      <variable>
	<type>int</type>
	<name>track_positions</name>
	<description>If not zero, stores position information at different intervals.</description>
      </variable>
    </constants>

    <dataTypes>
      <dataType>
	<name>Position</name>
	<description>Position in 2D using doubles</description>
	<variables>
	  <variable><type>double</type><name>x</name>
	  <description>position on x-axis</description>
	  </variable>
	  <variable><type>double</type><name>y</name>
	  <description>position on y-axis</description>
	  </variable>
	</variables>
      </dataType>
    </dataTypes>

</environment>


<!-- List of agents -->
<agents>

    <xagent>
        <name>agent</name>
        <description>Agent sending a message</description>
        <!-- Agent memory holding a list of variables -->
        <memory>
            <variable>
                <type>int</type>
                <name>my_id</name>
                <description>An integer variable</description>
            </variable>
	    <variable>
	      <type>Position</type>
	      <name>my_position</name>
	      <description>The current position of the agent.</description>      
	    </variable>
	    <variable>
	      <type>double</type>
	      <name>my_velocity</name>
	      <description>The current velocity vector of the agent (in rad).</description>
	    </variable>
	    <variable>
	      <type>int</type>
	      <name>my_color</name>
	      <description>Color of the agent (0=Green, 1=Red).</description>
	    </variable>
	    <variable>
	      <type>int</type>
	      <name>my_red_encounters</name>
	      <description>Number of red encounters.</description>
	    </variable>
	    <variable>
	      <type>int</type>
	      <name>my_green_encounters</name>
	      <description>Number of green encounters.</description>
	    </variable>
	    <variable>
	      <type>int</type>
	      <name>my_encounter_ids[5]</name>
	      <description>Ids of previous encounters.</description>
	    </variable>
        </memory>
        <!-- List of agent functions -->
        <functions>          				
            <function>
                <name>update_position</name>
                <description>Updates the agent position</description>
                <currentState>start</currentState>
                <nextState>send</nextState>
            </function>
            <function>
                <name>send_message</name>
                <description>Sending a message</description>
                <currentState>send</currentState>
                <nextState>listen</nextState>
                <outputs> <!-- List of possible outputs -->
                	<output>
                		<messageName>message_position</messageName>
                	</output>
                </outputs>			
            </function>
            <function>
                <name>receive_messages</name>
                <description>Receive messages</description>
                <currentState>listen</currentState>
                <nextState>end</nextState>
                <inputs> <!-- List of possible inputs -->
                	<input>
                		<messageName>message_position</messageName>
                	</input>
                </inputs>			
            </function>
        </functions>
    </xagent>

</agents>

<!-- List of messages -->
<messages>

    <message>
        <name>message_position</name>
        <description>Message holding the position and ids</description>
        <variables> <!-- List of message variables -->
            <variable>
            	<type>int</type>
            	<name>an_id</name>
            	<description>An id</description>
            </variable>
            <variable>
            	<type>Position</type>
            	<name>agent_position</name>
            	<description>Position of the sending agent</description>
            </variable>
            <variable>
            	<type>int</type>
            	<name>agent_color</name>
            	<description>Color of the sending agent</description>
            </variable>
        </variables>
    </message>
    
</messages>

</xmodel>